,school,sex,address,famsize,Pstatus,Medu,Fedu,Mjob,Fjob,reason,guardian,traveltime,studytime,failures,schoolsup,famsup,paid,activities,nursery,higher,internet,romantic,famrel,freetime,goout,Dalc,Walc,health,absences,G1,G2,G3,age
0,0,0,1,0,0,4,4,0,4,0,1,2,2,0,1,0,0,0,1,1,0,0,4,3,4,1,1,3,6,5,6,6,18
1,0,0,1,0,1,1,1,0,2,0,0,1,2,0,0,1,0,0,0,1,1,0,5,3,3,1,1,3,4,5,5,6,17
2,0,0,1,1,1,1,1,0,2,2,1,1,2,3,1,0,1,0,1,1,1,0,4,3,2,2,3,3,10,7,8,10,15
3,0,0,1,0,1,4,2,1,3,1,1,1,3,0,0,1,1,1,1,1,1,1,3,2,2,1,1,5,2,15,14,15,15
4,0,0,1,0,1,3,3,2,2,1,0,1,2,0,0,1,1,0,1,1,0,0,4,3,2,1,2,5,4,6,10,10,16
5,0,1,1,1,1,4,3,3,2,3,1,1,2,0,0,1,1,1,1,1,1,0,5,4,2,1,2,5,10,15,15,15,16
6,0,1,1,1,1,2,2,2,2,1,1,1,2,0,0,0,0,0,1,1,1,0,4,4,4,1,1,3,0,12,12,11,16
7,0,0,1,0,0,4,4,2,4,1,1,2,2,0,1,1,0,0,1,1,0,0,4,1,4,1,1,1,6,6,5,6,17
8,0,1,1,1,0,3,2,3,2,1,1,1,2,0,0,1,1,0,1,1,1,0,4,2,2,1,1,1,0,16,18,19,15
9,0,1,1,0,1,3,4,2,2,1,1,1,2,0,0,1,1,1,1,1,1,0,5,5,1,1,1,5,0,14,15,15,15
10,0,0,1,0,1,4,4,4,1,3,1,1,2,0,0,1,1,0,1,1,1,0,3,3,3,1,2,2,0,10,8,9,15
11,0,0,1,0,1,2,1,3,2,3,0,3,3,0,0,1,0,1,1,1,1,0,5,2,2,1,1,4,4,10,12,12,15
12,0,1,1,1,1,4,4,1,3,0,0,1,1,0,0,1,1,1,1,1,1,0,4,3,3,1,3,5,2,14,14,14,15
13,0,1,1,0,1,4,3,4,2,0,1,2,2,0,0,1,1,0,1,1,1,0,5,4,3,1,2,3,2,10,10,11,15
14,0,1,1,0,0,2,2,2,2,1,2,1,3,0,0,1,0,0,1,1,1,1,4,5,2,1,1,3,0,14,16,16,15
15,0,0,1,0,1,4,4,1,2,1,1,1,1,0,0,1,0,0,1,1,1,0,4,4,4,1,2,2,4,14,14,14,16
16,0,0,1,0,1,4,4,3,3,3,1,1,3,0,0,1,1,1,1,1,1,0,3,2,3,1,2,2,6,13,14,14,16
17,0,0,1,0,1,3,3,2,2,3,1,3,2,0,1,1,0,1,1,1,0,0,5,3,2,1,1,4,4,8,10,10,16
18,0,1,1,0,1,3,2,3,3,0,1,1,1,3,0,1,0,1,1,1,1,0,5,5,5,2,4,5,16,6,5,5,17
19,0,1,1,1,1,4,3,1,2,1,0,1,1,0,0,0,1,1,1,1,1,0,3,1,3,1,3,5,4,8,10,10,16
20,0,1,1,0,1,4,3,4,2,3,1,1,2,0,0,0,0,0,1,1,1,0,4,4,1,1,1,1,0,13,14,15,15
21,0,1,1,0,1,4,4,1,1,2,0,1,1,0,0,1,1,0,1,1,1,0,5,4,2,1,1,5,0,12,15,15,15
22,0,1,1,1,1,4,2,4,2,0,1,1,2,0,0,0,0,1,1,1,1,0,4,5,1,1,3,5,2,15,15,16,16
23,0,1,1,1,1,2,2,2,2,3,1,2,2,0,0,1,0,1,1,1,1,0,5,4,4,2,4,5,0,13,13,12,16
24,0,0,0,0,1,2,4,3,1,0,1,1,3,0,1,1,1,1,1,1,1,0,4,3,2,1,1,5,2,10,9,8,15
25,0,0,1,0,1,2,2,3,3,1,1,1,1,2,0,1,1,0,0,1,1,0,1,2,2,1,3,5,14,6,9,8,16
26,0,1,1,0,1,2,2,2,2,1,1,1,1,0,0,1,1,0,1,1,1,0,4,2,2,1,2,5,2,12,12,11,15
27,0,1,1,0,1,4,2,1,3,2,1,1,1,0,0,0,1,0,1,1,1,0,2,2,4,2,4,1,4,15,16,15,15
28,0,1,1,1,0,3,4,3,2,1,1,1,2,0,1,1,0,1,1,1,1,0,5,3,3,1,1,5,4,11,11,11,16
29,0,1,1,0,1,4,4,4,4,1,1,1,2,0,0,1,1,1,1,1,1,1,4,4,5,5,5,5,16,10,12,11,16
30,0,1,1,0,1,4,4,1,3,1,1,1,2,0,0,1,1,0,0,1,1,0,5,4,2,3,4,5,0,9,11,12,15
31,0,1,1,0,1,4,4,3,3,3,1,2,2,0,0,1,0,1,1,1,1,0,4,3,1,1,1,5,0,17,16,17,15
32,0,1,0,0,1,4,3,4,0,0,1,1,2,0,0,1,0,1,1,1,1,1,4,5,2,1,1,5,0,17,16,16,15
33,0,1,1,1,1,3,3,2,2,0,1,1,2,0,0,0,0,1,0,1,1,0,5,3,2,1,1,2,0,8,10,12,15
34,0,1,1,0,1,3,2,2,2,1,1,1,1,0,0,1,1,0,0,1,1,0,5,4,3,1,1,5,0,12,14,15,16
35,0,0,1,0,1,2,3,2,2,2,0,2,1,0,0,1,0,1,1,1,0,0,3,5,1,1,1,5,0,8,7,6,15
36,0,1,1,1,1,4,3,4,3,1,1,1,3,0,0,1,0,1,1,1,1,0,5,4,3,1,1,4,2,15,16,18,15
37,0,1,0,0,0,4,4,2,4,3,1,2,3,0,0,1,0,1,1,1,1,1,2,4,3,1,1,5,7,15,16,15,16
38,0,0,0,0,1,3,4,3,1,0,1,1,3,0,1,1,1,1,1,1,1,0,4,3,2,1,1,5,2,12,12,11,15
39,0,0,0,0,1,2,2,0,2,3,1,1,1,0,1,1,1,1,1,1,0,0,4,3,1,1,1,2,8,14,13,13,15
40,0,0,1,1,1,2,2,2,2,1,1,2,2,1,0,1,0,1,0,1,1,1,3,3,3,1,2,3,25,7,10,11,16
41,0,1,1,1,1,4,4,4,2,1,2,1,1,0,0,1,0,0,0,1,1,1,5,4,3,2,4,5,8,12,12,12,15
42,0,1,1,0,1,4,4,3,4,0,0,1,2,0,0,1,0,1,1,1,1,0,4,3,3,1,1,5,2,19,18,18,15
43,0,1,1,0,1,2,2,3,3,0,0,1,1,0,1,1,0,0,1,1,1,0,5,4,1,1,1,1,0,8,8,11,15
44,0,0,1,1,1,2,2,2,0,0,0,2,2,1,1,0,0,1,1,1,1,0,4,3,3,2,2,5,14,10,10,9,16
45,0,0,1,1,0,4,3,2,2,0,1,1,2,0,1,1,1,1,1,1,1,1,5,2,2,1,1,5,8,8,8,6,15
46,0,0,1,1,0,3,3,2,3,1,1,1,2,0,0,1,0,0,1,1,1,0,2,3,5,1,4,3,12,11,12,11,16
47,0,1,1,0,1,4,3,1,3,3,1,1,4,0,0,0,0,1,1,1,1,0,4,2,2,1,1,2,4,19,19,20,16
48,0,1,1,0,1,4,2,4,2,1,1,1,2,0,0,1,1,0,1,1,0,0,4,3,3,2,2,5,2,15,15,14,15
49,0,0,1,0,1,4,4,3,4,2,0,1,2,1,1,1,0,1,0,1,1,0,4,4,4,1,1,3,2,7,7,7,15
50,0,0,1,1,1,2,2,3,3,0,1,3,2,0,0,1,1,0,1,1,1,0,4,3,3,2,3,4,2,12,13,13,16
51,0,0,1,1,1,4,2,1,2,2,1,1,2,0,0,1,1,0,1,1,1,0,4,3,3,1,1,5,2,11,13,13,15
52,0,1,1,1,0,4,2,1,1,2,0,2,1,1,0,0,0,0,1,1,0,0,5,5,5,3,4,5,6,11,11,10,15
53,0,0,1,0,1,4,4,3,3,0,1,1,1,0,1,1,1,0,1,1,1,0,3,3,4,2,3,5,0,8,10,11,15
54,0,0,1,1,0,3,3,2,2,2,1,1,1,0,0,0,1,0,1,1,1,0,5,3,4,4,4,1,6,10,13,13,15
55,0,0,1,0,0,2,1,2,2,2,1,1,2,0,0,0,1,1,1,1,1,1,5,3,4,1,1,2,8,8,9,10,16
56,0,0,1,0,0,4,3,3,3,3,1,1,2,0,0,1,1,1,1,1,1,0,4,3,2,1,1,1,0,14,15,15,15
57,0,1,1,0,1,4,4,4,1,3,1,1,2,0,0,1,0,1,1,1,0,0,3,2,2,1,1,5,4,14,15,15,15
58,0,1,1,1,1,1,2,2,0,1,0,1,2,0,1,1,0,1,1,1,1,0,4,3,2,1,1,5,2,9,10,9,15
59,0,0,1,0,1,4,2,3,2,0,1,1,2,0,0,1,0,0,1,1,1,0,4,2,3,1,1,5,2,15,16,16,16
60,0,0,0,0,1,4,4,1,4,2,1,1,2,0,0,1,0,1,1,1,0,0,2,4,4,2,3,4,6,10,11,11,16
61,0,0,1,0,1,1,1,3,3,0,0,4,1,0,1,1,0,1,0,1,1,1,5,5,5,5,5,5,6,10,8,11,16
62,0,0,1,1,1,1,2,2,3,3,0,1,2,0,1,0,0,1,1,1,1,0,4,4,3,1,1,1,4,8,10,9,16
63,0,0,1,0,1,4,3,4,1,1,1,1,3,0,1,1,1,1,1,1,1,0,3,4,4,2,4,4,2,10,9,9,16
64,0,0,1,1,1,4,3,3,3,3,0,1,2,0,1,0,0,1,1,1,1,1,4,4,4,2,4,2,0,10,10,10,15
65,0,0,1,1,1,4,3,4,3,0,1,3,2,0,0,1,0,1,1,1,1,0,5,4,3,1,2,1,2,16,15,15,16
66,0,1,1,0,0,4,4,2,3,3,1,1,4,0,0,1,0,1,0,1,1,1,1,3,3,5,5,3,4,13,13,12,15
67,0,0,1,0,1,3,1,3,2,0,1,1,4,0,1,1,1,0,1,1,1,0,4,3,3,1,2,5,4,7,7,6,16
68,0,0,0,1,1,2,2,1,3,3,1,2,2,0,1,1,1,0,1,1,1,0,4,1,3,1,3,4,2,8,9,8,15
69,0,0,0,1,1,3,1,2,2,3,0,2,4,0,0,1,0,0,0,1,1,0,4,4,2,2,3,3,12,16,16,16,15
70,0,1,1,0,1,3,1,2,2,3,0,2,4,0,0,1,1,0,1,1,1,0,4,3,2,1,1,5,0,13,15,15,16
71,0,1,1,0,1,4,2,2,2,0,1,1,4,0,0,0,0,0,1,1,1,0,3,3,3,1,1,3,0,10,10,10,15
72,0,0,0,0,1,1,1,2,2,3,1,1,2,2,1,1,0,0,0,1,1,1,3,3,4,2,4,5,2,8,6,5,15
73,0,1,1,0,1,3,1,2,2,3,1,1,1,0,0,0,0,1,1,1,0,0,5,3,2,2,2,5,2,12,12,14,16
74,0,0,1,0,1,3,3,2,3,1,1,1,2,0,1,1,1,1,1,1,1,0,4,3,3,2,4,5,54,11,12,11,16
75,0,1,1,0,1,4,3,4,2,1,1,1,2,0,0,1,1,1,1,1,1,0,4,3,3,2,3,5,6,9,9,10,15
76,0,1,1,0,1,4,0,4,2,0,1,2,4,0,0,0,0,1,1,1,1,0,3,4,3,1,1,1,8,11,11,10,15
77,0,0,1,0,1,2,2,2,2,3,1,1,4,0,0,0,1,0,1,1,1,1,5,2,3,1,3,3,0,11,11,11,16
78,0,1,1,0,1,2,1,2,2,1,1,2,1,3,1,1,0,1,1,0,1,0,4,5,1,1,1,3,2,8,8,10,17
79,0,0,1,0,1,3,4,0,2,0,1,1,2,0,0,1,0,0,1,1,1,0,2,4,3,1,2,3,12,5,5,5,16
80,0,1,1,0,1,2,3,2,3,0,0,1,1,0,1,1,1,1,0,1,1,1,3,2,2,1,3,3,2,10,12,12,15
81,0,1,1,0,1,2,3,2,2,1,1,1,3,0,1,0,1,0,0,1,1,0,5,3,2,1,2,5,4,11,10,11,15
82,0,0,1,1,1,3,2,3,2,3,1,1,2,0,0,1,1,0,1,1,1,0,4,4,4,1,1,5,10,7,6,6,15
83,0,1,1,1,1,2,2,3,3,1,1,2,2,0,0,0,1,1,1,1,1,0,5,3,3,1,3,4,4,15,15,15,15
84,0,0,1,0,1,1,1,2,2,1,0,1,2,0,0,1,0,1,0,1,1,0,4,3,2,2,3,4,2,9,10,10,15
85,0,0,1,0,1,4,4,3,3,3,0,2,2,2,0,0,1,0,1,1,1,1,4,4,4,2,3,5,6,7,9,8,15
86,0,0,1,1,1,2,2,0,2,0,1,1,2,0,0,1,0,0,1,1,0,0,4,3,4,1,2,2,4,8,7,6,16
87,0,0,1,0,1,4,2,2,2,3,1,1,3,0,0,1,0,1,1,1,1,0,5,3,3,1,3,1,4,13,14,14,15
88,0,1,1,0,1,2,2,3,2,3,0,2,2,1,0,0,1,1,0,1,1,0,4,4,2,1,1,3,12,11,10,10,16
89,0,1,1,1,0,4,4,4,1,3,1,1,2,0,0,1,0,0,1,1,0,0,4,1,3,3,5,5,18,8,6,7,16
90,0,0,1,0,1,3,3,2,2,1,1,1,3,0,0,1,1,0,1,1,1,1,4,3,3,1,3,4,0,7,7,8,16
91,0,0,1,0,1,4,3,3,2,3,1,1,1,0,0,0,1,1,1,1,1,0,4,5,5,1,3,1,4,16,17,18,15
92,0,0,1,1,1,3,1,2,2,1,0,1,2,0,1,1,0,0,1,1,0,0,3,3,3,2,3,2,4,7,6,6,16
93,0,0,1,0,1,4,2,4,3,1,1,2,2,0,0,1,1,1,1,1,1,0,5,3,3,1,1,1,0,11,10,10,16
94,0,1,1,1,1,2,2,3,1,3,1,1,4,0,0,1,0,1,1,1,1,0,4,3,4,1,1,4,6,11,13,14,15
95,0,0,0,0,1,1,1,0,2,1,1,2,4,1,1,1,1,1,1,1,1,0,3,1,2,1,1,1,2,7,10,10,15
96,0,1,0,0,1,4,3,3,2,3,1,2,1,0,1,1,0,1,0,1,1,0,3,3,3,1,1,4,2,11,15,15,16
97,0,0,1,0,1,2,1,2,2,0,1,1,2,0,0,1,1,0,1,1,0,1,4,3,5,1,1,5,2,8,9,10,16
98,0,0,1,0,1,4,4,2,2,3,1,1,1,0,0,0,0,1,0,1,1,0,5,3,4,1,2,1,6,11,14,14,16
99,0,0,1,0,1,4,3,2,0,0,1,1,3,0,1,1,1,0,1,1,1,0,5,3,5,1,1,3,0,7,9,8,16
100,0,1,1,0,1,4,4,3,3,2,1,1,1,0,1,1,1,1,1,1,1,0,4,5,5,5,5,4,14,7,7,5,16
101,0,1,1,0,1,4,4,3,4,2,0,1,3,0,0,1,0,1,1,1,1,1,4,4,3,1,1,4,0,16,17,17,16
102,0,1,1,0,1,4,4,3,2,0,1,1,1,0,0,1,0,1,0,1,1,0,5,3,3,1,1,5,4,10,13,14,15
103,0,0,1,0,1,3,2,3,2,1,1,2,2,0,1,1,1,0,1,1,1,0,4,3,5,1,1,2,26,7,6,6,15
104,0,1,1,0,0,3,4,3,2,0,1,1,2,0,0,1,1,1,1,1,1,0,5,4,4,1,1,1,0,16,18,18,15
105,0,0,1,0,0,3,3,2,1,3,0,1,4,0,1,0,0,0,1,1,0,0,4,3,3,1,1,4,10,10,11,11,15
106,0,0,1,0,1,2,2,2,2,0,1,1,4,0,1,1,1,0,1,1,1,0,5,1,2,1,1,3,8,7,8,8,15
107,0,1,1,0,1,3,3,3,2,1,0,1,3,0,0,1,0,1,1,1,1,0,5,3,3,1,1,5,2,16,18,18,16
108,0,1,0,0,1,4,4,2,2,1,0,4,4,0,0,1,1,1,1,1,1,1,1,3,5,3,5,1,6,10,13,13,15
109,0,0,1,1,1,4,4,1,1,2,1,1,3,0,0,1,1,1,1,1,1,1,5,4,5,1,1,4,4,14,15,16,16
110,0,1,1,1,0,4,4,4,4,0,1,1,1,0,0,0,0,1,1,1,1,0,5,5,3,1,1,4,6,18,19,19,15
111,0,0,0,0,1,3,3,3,2,3,0,1,3,1,1,1,0,1,1,1,1,0,4,1,2,1,1,2,0,7,10,10,16
112,0,0,1,0,1,2,2,0,2,1,1,1,2,1,1,0,0,1,1,1,1,0,3,1,2,1,1,5,6,10,13,13,16
113,0,1,1,1,1,4,2,4,2,0,1,1,1,0,0,0,0,0,1,1,1,0,3,5,2,1,1,3,10,18,19,19,15
114,0,1,0,0,1,2,1,1,3,3,1,1,2,0,0,0,0,1,1,1,1,1,5,4,2,1,1,5,8,9,9,9,15
115,0,1,1,0,1,4,4,4,4,0,0,1,2,0,0,1,0,1,1,1,1,0,5,4,4,1,2,5,2,15,15,16,16
116,0,1,1,0,1,4,4,2,4,3,0,2,2,0,0,1,0,1,1,1,0,0,4,4,3,1,1,2,2,11,13,14,15
117,0,1,1,0,1,3,3,2,3,1,0,2,1,0,0,0,0,1,1,1,1,0,5,4,2,1,1,5,0,13,14,13,16
118,0,1,0,0,1,1,3,2,2,0,0,3,2,1,0,1,0,1,1,1,1,0,5,2,4,1,4,5,20,9,7,8,17
119,0,1,1,0,1,3,4,2,2,3,0,1,1,0,0,0,0,0,1,1,1,0,3,4,3,1,2,4,6,14,13,13,15
120,0,0,1,0,1,1,2,0,3,0,1,1,2,0,0,0,0,0,0,1,1,0,3,2,3,1,2,1,2,16,15,15,15
121,0,1,1,0,1,2,2,3,3,1,0,1,4,0,0,1,1,1,1,1,1,0,5,5,4,1,2,5,6,16,14,15,15
122,0,0,1,1,1,2,4,2,1,0,0,2,2,0,0,1,1,1,1,1,1,1,4,2,2,1,2,5,2,13,13,13,16
123,0,1,1,0,1,4,4,1,2,0,1,1,1,0,0,1,0,1,1,1,1,0,3,4,4,1,4,5,18,14,11,13,16
124,0,0,1,0,1,2,2,2,2,1,1,1,2,0,0,0,1,0,1,1,1,1,5,4,4,1,1,5,0,8,7,8,16
125,0,1,1,0,1,3,4,3,3,1,0,1,1,0,1,0,0,0,1,1,1,0,5,5,5,3,2,5,0,13,13,12,15
126,0,0,1,1,0,3,4,2,2,1,1,1,2,0,1,0,0,1,1,1,1,1,5,3,2,1,1,1,0,7,10,11,15
127,0,0,1,0,1,0,1,0,2,0,2,1,2,3,0,1,0,0,0,0,0,0,3,4,2,1,1,5,2,7,8,9,19
128,0,1,0,0,1,2,2,3,2,3,1,1,1,2,0,1,0,1,1,1,1,0,3,3,3,1,2,4,0,7,4,0,18
129,0,1,0,0,1,4,4,4,4,0,1,1,1,0,0,0,1,1,1,1,1,0,3,5,5,2,5,4,8,18,18,18,16
130,0,0,0,0,1,3,4,3,4,0,0,2,3,2,0,1,0,0,1,1,1,1,4,2,2,2,2,5,0,12,0,0,15
131,0,0,1,0,1,1,1,0,2,0,1,3,1,0,0,1,0,1,0,1,1,1,4,3,3,1,2,4,0,8,0,0,15
132,0,0,1,1,1,2,2,2,2,0,0,1,1,0,0,1,0,0,1,1,1,1,3,4,4,1,3,5,12,10,13,12,17
133,0,0,1,0,0,3,4,3,2,0,0,1,1,0,0,0,0,0,1,1,1,0,3,2,1,1,4,5,16,12,11,11,16
134,0,1,0,0,1,3,4,0,4,0,1,4,2,0,0,1,0,0,1,1,0,1,5,3,3,1,1,5,0,9,0,0,15
135,0,0,1,0,1,4,4,3,0,0,1,1,3,0,0,1,0,1,1,1,1,1,4,3,3,1,1,5,0,11,0,0,15
136,0,1,0,0,1,3,4,0,2,0,1,3,2,0,0,0,0,0,1,1,0,0,5,4,5,2,4,5,0,10,0,0,17
137,0,0,1,0,0,3,3,2,2,0,2,2,1,2,0,1,0,1,0,1,1,1,4,3,2,1,1,5,0,4,0,0,16
138,0,1,1,1,1,1,1,3,2,0,1,1,2,1,0,0,0,0,1,1,0,1,4,4,4,1,3,5,0,14,12,12,16
139,0,0,1,0,1,4,4,4,4,0,1,2,1,0,0,0,0,1,1,1,1,0,4,3,2,1,1,5,0,16,16,15,15
140,0,1,1,0,1,4,3,4,3,0,0,2,4,0,1,1,0,0,1,1,1,0,2,2,2,1,1,3,0,7,9,0,15
141,0,1,1,1,1,2,2,3,3,3,0,2,1,2,0,1,0,1,1,1,1,0,2,3,3,2,2,2,8,9,9,9,16
142,0,0,1,0,1,4,4,4,3,0,1,1,3,0,0,1,1,1,1,1,1,0,4,2,2,1,1,5,2,9,11,11,15
143,0,0,1,1,1,1,1,0,0,0,1,1,1,0,0,0,0,0,1,1,1,0,3,4,4,3,3,1,2,14,14,13,16
144,0,1,1,0,1,2,1,2,2,1,1,1,1,3,0,1,0,0,1,1,1,0,5,4,5,1,2,5,0,5,0,0,17
145,0,0,1,0,1,1,1,2,3,0,0,1,2,0,0,1,1,0,1,1,1,0,4,4,2,1,2,5,0,8,11,11,15
146,0,0,1,0,1,3,2,1,3,1,0,1,2,3,0,1,0,0,1,1,1,0,3,3,2,1,1,3,0,6,7,0,15
147,0,0,1,0,1,1,2,0,2,0,1,1,2,0,0,1,1,0,0,1,1,0,4,3,2,1,1,5,2,10,11,11,15
148,0,1,1,0,1,4,4,4,4,0,1,1,1,0,0,1,0,0,1,0,1,1,3,3,2,2,1,5,0,7,6,0,16
149,0,1,1,1,0,2,1,3,2,0,1,4,1,3,0,0,0,0,1,1,1,0,4,5,5,2,5,5,0,8,9,10,15
150,0,1,1,1,1,1,1,2,2,0,1,1,1,3,0,0,0,0,1,0,1,1,2,3,5,2,5,4,0,6,5,0,18
151,0,1,1,1,1,2,1,0,2,0,1,1,1,1,0,0,0,1,1,1,0,1,4,4,4,3,5,5,6,12,13,14,16
152,0,0,0,0,1,3,3,3,3,3,2,2,3,2,0,1,1,1,1,1,1,1,4,2,1,2,3,3,8,10,10,10,15
153,0,1,1,0,1,3,2,3,0,1,1,1,1,3,0,1,0,0,1,0,1,1,4,5,4,1,1,4,0,5,0,0,19
154,0,0,1,0,1,4,4,2,4,0,1,1,1,0,1,1,0,0,1,1,0,1,4,2,1,1,1,4,0,11,11,12,17
155,0,1,0,0,1,2,3,0,3,0,1,1,2,0,1,0,1,1,1,1,0,0,4,4,4,1,1,1,2,11,8,8,15
156,0,1,0,1,1,1,2,2,2,3,1,1,1,0,0,0,0,0,1,1,0,0,2,2,2,3,3,5,8,16,12,13,17
157,0,0,0,0,1,1,1,0,2,0,1,3,1,3,0,1,0,1,0,1,0,0,5,2,5,1,5,4,6,9,8,10,18
158,0,1,0,0,1,2,2,0,2,0,1,3,1,0,0,0,0,0,0,1,0,0,4,2,2,1,2,3,2,17,15,15,16
159,0,1,1,0,1,3,3,2,3,0,0,1,2,1,0,1,1,0,1,1,1,1,4,5,5,4,4,5,4,10,12,12,16
160,0,1,0,1,1,2,1,0,2,0,1,2,1,2,0,0,0,1,1,0,1,1,3,3,2,2,2,5,0,7,6,0,17
161,0,1,0,0,1,3,2,2,2,0,1,2,2,2,1,1,0,0,1,1,1,1,4,4,4,1,4,3,6,5,9,7,15
162,0,1,1,1,1,1,2,2,2,0,1,2,1,1,0,0,0,1,1,1,0,0,4,4,4,2,4,5,0,7,0,0,16
163,0,1,1,0,1,1,3,0,3,0,0,1,1,0,0,0,0,0,1,0,1,0,5,3,3,1,4,2,2,10,10,10,17
164,0,1,0,1,1,1,1,2,3,0,1,4,2,3,0,0,0,1,1,0,0,1,5,3,5,1,5,5,0,5,8,7,17
165,0,1,1,0,1,3,2,3,3,0,1,2,1,1,0,1,0,1,0,0,0,0,4,5,2,1,1,2,16,12,11,12,16
166,0,1,1,0,1,2,2,2,2,0,0,1,2,0,0,0,0,0,1,0,1,0,4,3,5,2,4,4,4,10,10,10,16
167,0,0,1,0,1,4,2,1,3,1,0,1,2,0,0,0,1,0,1,1,1,1,4,2,3,1,1,3,0,14,15,16,16
168,0,0,1,0,1,2,2,2,2,1,1,1,2,0,0,1,1,0,0,1,1,0,5,1,5,1,1,4,0,6,7,0,16
169,0,0,1,0,1,4,4,1,1,3,1,1,2,0,0,1,1,0,1,1,1,1,4,4,2,1,1,3,0,14,14,14,16
170,0,1,1,0,1,3,4,2,2,0,0,3,1,2,0,1,0,1,0,1,1,0,3,4,5,2,4,2,0,6,5,0,16
171,0,1,1,0,1,1,0,2,2,3,1,2,2,0,0,1,1,1,1,1,1,1,4,3,2,1,1,3,2,13,15,16,16
172,0,1,1,1,1,4,4,4,2,3,1,1,2,0,0,1,1,1,1,1,1,0,4,4,4,1,3,5,0,13,11,10,17
173,0,0,1,0,1,1,3,0,3,1,1,1,2,3,0,0,0,1,0,1,1,1,4,3,5,1,1,3,0,8,7,0,16
174,0,0,1,1,1,3,3,2,2,3,1,2,2,0,0,1,1,1,1,1,1,0,4,4,5,1,1,4,4,10,11,9,16
175,0,1,1,1,1,4,3,4,2,0,1,2,2,0,0,0,1,1,1,1,1,0,4,4,4,4,4,4,4,10,9,9,17
176,0,0,1,0,1,2,2,3,2,3,1,2,2,0,0,0,1,1,0,1,1,0,3,4,4,1,4,5,2,13,13,11,16
177,0,1,1,0,1,3,3,2,2,3,0,1,2,0,0,0,0,1,0,1,1,0,4,3,4,1,4,4,4,6,5,6,17
178,0,1,0,0,1,4,2,4,3,2,1,1,1,0,0,1,0,1,1,1,1,1,4,3,3,3,4,3,10,10,8,9,16
179,0,1,1,0,1,4,3,2,2,0,1,1,2,0,0,1,0,1,1,1,1,1,5,2,3,1,1,2,4,10,10,11,17
180,0,1,1,0,1,4,3,4,2,1,1,1,2,0,0,1,1,1,1,1,1,0,3,4,3,2,3,3,10,9,8,8,16
181,0,1,1,0,1,3,3,3,2,1,1,1,2,0,0,0,1,1,1,1,1,1,4,2,3,1,2,3,2,12,13,12,16
182,0,0,1,0,1,2,4,3,3,3,0,1,2,0,0,1,0,1,1,1,0,0,5,4,2,2,3,5,0,16,17,17,17
183,0,0,1,1,1,3,3,2,2,3,1,1,2,0,0,1,0,1,1,1,1,1,5,3,3,2,3,1,56,9,9,8,17
184,0,0,1,0,1,3,2,2,2,3,1,1,2,0,0,1,1,0,1,1,1,0,1,2,2,1,2,1,14,12,13,12,16
185,0,1,1,0,1,3,3,3,3,2,1,1,2,0,0,1,0,1,1,1,1,1,4,3,4,2,3,4,12,12,12,11,17
186,0,1,1,0,1,1,2,3,3,2,1,1,1,0,0,1,1,1,1,1,1,1,3,3,3,1,2,3,2,11,12,11,16
187,0,1,1,1,1,2,1,2,2,0,1,1,2,0,0,0,1,1,1,1,1,1,4,2,3,1,2,5,0,15,15,15,16
188,0,0,1,0,0,3,3,1,2,3,1,1,2,0,0,1,0,0,0,1,1,1,3,3,3,1,3,3,6,8,7,9,17
189,0,1,0,0,1,1,2,0,2,1,1,1,2,0,0,0,0,0,1,1,0,0,3,1,3,1,5,3,4,8,9,10,17
190,0,0,1,0,1,2,3,3,3,0,1,1,2,0,0,0,0,0,1,1,1,0,4,3,3,1,1,2,10,11,12,13,16
191,0,0,1,0,1,1,1,0,3,0,1,1,2,0,0,0,0,1,1,1,1,0,5,3,3,1,1,3,0,8,8,9,17
192,0,1,1,0,1,1,2,0,3,2,2,2,2,0,0,0,1,1,0,1,1,0,4,4,4,4,5,5,12,7,8,8,17
193,0,1,0,0,1,3,3,3,3,3,1,1,1,0,0,1,0,1,1,1,1,0,4,3,2,3,4,5,8,8,9,10,16
194,0,1,1,0,1,2,3,2,2,1,0,2,1,0,0,0,0,0,1,1,1,0,5,3,3,1,1,3,0,13,14,14,16
195,0,0,1,1,1,2,4,3,3,0,0,1,2,0,0,0,0,1,1,1,1,1,4,3,2,1,1,5,0,14,15,15,17
196,0,1,1,0,1,4,4,3,4,1,1,1,1,0,0,0,0,0,1,1,1,0,5,2,3,1,2,5,4,17,15,16,17
197,0,1,0,1,1,3,3,4,2,1,0,3,1,0,0,1,1,1,1,1,1,0,3,3,4,3,5,3,8,9,9,10,16
198,0,0,1,0,1,4,4,3,4,1,1,2,1,1,0,1,0,0,1,1,1,0,4,2,4,2,3,2,24,18,18,18,17
199,0,0,1,1,1,4,4,4,4,3,1,1,2,0,0,1,1,0,1,1,1,0,4,5,2,1,2,3,0,9,9,10,16
200,0,0,1,0,1,4,3,1,2,1,1,1,2,0,0,1,0,1,1,1,1,0,4,3,5,1,5,2,2,16,16,16,16
201,0,0,1,0,1,2,3,2,2,3,1,1,2,0,1,1,1,1,1,1,0,0,4,4,3,1,3,4,6,8,10,10,16
202,0,0,1,0,1,1,1,2,2,0,1,1,2,0,0,1,1,0,0,1,0,0,4,4,4,1,3,1,4,9,9,10,17
203,0,0,0,0,1,2,2,2,2,3,1,1,1,0,0,1,0,0,1,1,1,0,5,3,2,1,2,3,18,7,6,6,17
204,0,0,0,0,1,2,2,3,3,3,1,2,4,0,0,1,1,1,0,1,1,0,5,3,5,1,1,5,6,10,10,11,16
205,0,0,1,0,1,3,4,0,3,1,1,1,3,1,0,1,1,0,1,1,1,1,4,4,3,3,4,5,28,10,9,9,17
206,0,0,1,0,0,3,1,3,2,0,1,1,2,3,0,1,1,0,1,1,1,0,2,3,3,2,2,4,5,7,7,7,16
207,0,0,1,0,1,4,3,4,2,2,1,1,2,0,0,0,1,1,1,1,1,1,1,3,2,1,1,1,10,11,12,13,16
208,0,0,1,0,1,1,1,0,2,1,1,2,1,0,0,1,1,0,1,1,0,0,4,3,2,1,4,5,6,9,9,10,16
209,0,0,0,0,1,4,3,4,2,3,1,2,3,0,0,1,1,1,1,1,1,1,4,4,2,1,1,4,6,7,7,7,17
210,0,0,1,0,1,3,3,2,2,3,2,1,4,0,0,1,1,1,1,1,1,0,4,3,3,1,2,3,10,8,8,8,19
211,0,1,1,1,1,4,4,3,2,1,1,1,2,0,0,1,1,0,1,1,1,1,5,3,5,4,5,3,13,12,12,13,17
212,0,0,1,0,0,2,2,2,2,3,1,1,2,0,1,1,1,0,1,1,1,0,3,3,4,1,1,4,0,12,13,14,16
213,0,1,1,0,1,2,2,3,2,1,1,1,2,1,0,1,1,1,1,1,1,0,4,4,4,2,4,5,15,6,7,8,18
214,0,0,0,1,1,4,4,3,2,2,1,1,1,0,0,1,1,0,1,1,0,0,5,2,1,1,2,3,12,8,10,10,17
215,0,0,1,1,1,3,2,2,2,3,1,2,2,0,0,0,1,0,1,1,1,0,4,4,4,1,3,1,2,14,15,15,17
216,0,0,1,0,1,4,3,2,2,3,1,1,2,2,0,0,1,0,1,1,1,1,3,4,5,2,4,1,22,6,6,4,17
217,0,1,1,1,1,3,3,3,1,1,0,1,2,1,0,1,1,0,1,1,1,0,3,2,4,2,4,4,13,6,6,8,18
218,0,0,1,0,1,2,3,0,2,1,0,2,1,0,0,1,1,0,1,1,0,0,3,3,3,1,4,3,3,7,7,8,17
219,0,0,1,0,1,2,2,0,0,0,1,1,3,0,0,1,1,1,1,1,1,0,4,3,3,1,1,4,4,9,10,10,17
220,0,0,0,0,1,2,1,0,3,3,1,2,2,0,0,1,0,1,1,1,1,0,4,2,5,1,2,5,2,6,6,6,17
221,0,0,1,0,1,1,1,0,2,3,1,1,3,1,0,1,0,1,1,1,0,1,4,3,4,1,1,5,0,6,5,0,17
222,0,0,1,0,1,2,3,3,4,2,1,1,2,0,1,0,0,0,1,1,1,0,2,3,1,1,1,3,2,16,16,17,16
223,0,1,1,0,1,2,2,2,2,1,1,2,2,0,0,1,1,0,1,1,1,0,3,3,3,5,5,4,0,12,13,13,18
224,0,0,1,0,1,4,4,4,3,1,1,1,3,0,0,1,0,1,0,1,1,0,5,3,2,1,1,5,0,13,13,14,16
225,0,0,0,0,1,3,1,2,2,3,1,1,2,1,0,0,0,1,1,1,1,1,5,3,3,1,1,4,16,9,8,7,18
226,0,0,1,0,1,3,2,2,2,0,1,1,2,0,0,0,0,1,0,1,1,0,5,3,4,1,3,3,10,16,15,15,17
227,0,1,1,1,1,2,3,3,3,3,0,1,2,0,0,1,1,0,0,1,1,0,5,3,3,1,3,3,2,12,11,12,17
228,0,1,1,1,1,2,1,0,2,0,1,4,2,0,1,1,1,1,1,1,1,1,4,3,2,4,5,3,14,10,8,9,18
229,0,0,1,0,0,2,1,2,2,0,1,2,3,0,0,0,0,1,1,1,1,1,3,2,3,1,2,3,10,12,10,12,17
230,0,0,1,1,1,4,3,1,2,3,0,1,2,0,0,0,0,1,1,1,1,1,3,2,3,1,2,3,14,13,13,14,17
231,0,1,0,0,1,2,2,2,2,0,0,2,2,0,0,1,1,1,1,1,1,0,4,5,2,1,1,1,4,11,11,11,17
232,0,1,1,0,1,4,4,4,4,3,1,1,2,0,1,1,0,1,1,1,1,1,4,5,5,1,3,2,14,11,9,9,17
233,0,1,1,0,1,4,4,1,2,3,0,1,2,0,0,1,1,1,1,1,1,0,4,2,4,2,4,1,2,14,13,13,16
234,0,1,1,1,1,1,1,2,2,1,1,2,2,0,0,1,1,0,1,1,1,0,3,4,2,1,1,5,18,9,7,6,16
235,0,1,1,0,1,3,2,0,2,3,1,2,3,0,0,0,0,1,1,1,1,1,5,3,3,1,3,2,10,11,9,10,16
236,0,1,1,1,1,2,2,2,2,1,0,1,2,0,0,0,1,1,0,1,1,1,4,4,2,5,5,4,4,14,13,13,17
237,0,0,1,0,1,2,1,2,2,1,1,1,1,0,0,0,0,0,1,1,1,1,4,5,2,1,1,5,20,13,12,12,16
238,0,0,0,0,1,2,1,0,3,0,1,3,2,0,0,0,0,1,1,1,0,0,2,1,1,1,1,3,2,13,11,11,17
239,0,1,1,0,1,2,2,2,3,3,0,1,2,1,0,0,0,0,1,0,1,0,5,5,4,3,5,2,0,7,7,0,18
240,0,1,1,1,1,4,3,1,2,0,1,2,2,0,0,0,0,1,1,1,1,1,2,5,5,1,4,5,14,12,12,12,17
241,0,1,0,1,0,4,4,4,2,0,1,2,2,0,0,1,1,0,1,1,1,0,3,3,3,2,3,4,2,10,11,12,17
242,0,1,1,1,1,4,3,4,2,0,1,1,1,0,0,0,0,1,0,1,1,0,5,4,5,1,1,3,0,6,0,0,16
243,0,1,1,0,1,4,4,3,3,0,1,1,1,0,0,0,0,1,1,1,1,0,5,3,2,1,2,5,0,13,12,12,16
244,0,0,1,0,1,2,1,2,2,0,2,2,3,0,0,1,1,0,0,1,1,1,4,4,4,1,1,3,0,7,0,0,18
245,0,1,1,0,1,2,1,2,2,0,1,3,1,0,0,0,0,0,1,1,1,0,4,3,3,1,1,4,6,18,18,18,16
246,0,1,1,0,1,2,3,2,2,0,0,2,1,0,0,0,0,0,1,1,1,0,5,2,2,1,1,2,4,12,12,13,17
247,0,1,1,0,1,3,1,3,3,2,1,1,1,3,0,0,0,0,0,0,1,1,5,4,5,5,5,1,16,6,8,8,22
248,0,1,0,1,1,3,3,2,3,0,1,1,2,1,0,1,0,0,1,1,1,1,4,3,3,1,3,5,8,3,5,5,18
249,0,1,1,0,1,0,2,2,2,2,1,1,1,0,0,0,1,0,0,1,1,0,4,3,2,2,4,5,0,13,15,15,16
250,0,1,1,0,1,3,2,3,2,0,1,2,1,1,0,0,0,0,1,0,1,0,4,4,5,2,4,5,0,6,8,8,18
251,0,1,1,0,1,3,3,0,2,3,2,3,2,0,1,1,0,0,0,1,1,0,5,3,3,1,3,2,6,7,10,10,16
252,0,1,1,0,1,2,1,3,3,2,1,1,1,1,0,0,0,0,0,0,1,0,3,2,5,2,5,5,4,6,9,8,18
253,0,1,0,0,1,2,1,2,2,0,1,2,1,0,0,0,0,1,0,1,0,0,3,3,2,1,3,3,0,8,9,8,16
254,0,1,0,0,1,2,1,2,2,0,1,1,1,0,0,0,0,0,0,1,1,0,4,4,2,2,4,5,0,8,12,12,17
255,0,1,1,1,1,1,1,1,2,0,1,2,1,1,0,1,0,1,1,1,1,0,4,4,4,1,2,5,2,7,9,8,17
256,0,0,1,1,1,4,2,4,3,3,1,1,4,0,0,1,1,1,1,1,1,0,4,2,3,1,1,4,6,14,12,13,17
257,0,1,1,1,0,4,3,3,0,3,1,1,2,0,0,1,0,0,1,1,1,0,4,3,1,1,1,1,12,11,11,11,19
258,0,1,1,0,1,2,1,2,2,1,1,1,2,0,0,0,0,1,1,1,1,0,5,2,4,1,2,4,8,15,14,14,18
259,0,0,1,1,1,2,2,3,3,0,0,1,4,0,0,0,1,1,1,1,1,1,3,4,1,1,1,2,0,10,9,0,17
260,0,0,1,0,1,4,3,3,2,1,0,1,2,0,0,1,1,0,1,1,1,1,3,1,2,1,3,2,21,17,18,18,18
261,0,1,1,0,1,4,3,4,2,0,1,1,2,0,0,1,1,0,0,1,1,0,4,3,2,1,1,3,2,8,8,8,18
262,0,1,0,0,1,3,2,2,2,0,1,1,3,0,0,0,0,1,0,1,0,0,5,3,2,1,1,3,1,13,12,12,18
263,0,0,1,0,1,3,3,2,2,1,1,1,3,0,0,0,0,1,0,1,0,0,3,2,3,1,1,4,4,10,9,9,17
264,0,0,1,0,1,2,2,0,3,1,1,1,3,0,0,1,1,1,1,1,1,1,4,3,3,1,1,3,0,9,10,0,18
265,0,1,0,1,0,3,4,2,2,3,1,2,2,0,0,1,1,1,1,1,1,0,4,2,5,3,4,1,13,17,17,17,18
266,0,1,1,0,1,3,1,3,2,2,1,1,2,0,0,0,1,1,1,1,1,1,5,4,4,3,4,5,2,9,9,10,17
267,0,0,0,0,1,4,4,4,2,3,1,2,2,0,0,0,1,1,1,1,1,0,4,3,4,2,2,4,8,12,10,11,18
268,0,1,1,0,1,4,2,1,2,3,0,1,2,0,0,1,1,1,1,1,1,1,5,4,5,1,3,5,10,10,9,10,18
269,0,0,0,0,1,2,1,2,2,3,1,2,2,0,0,1,0,0,1,0,1,1,4,3,5,1,2,3,0,6,0,0,18
270,0,0,1,0,1,3,3,2,3,1,2,1,2,2,0,1,1,1,1,1,1,0,4,3,5,3,3,5,15,9,9,9,19
271,0,0,1,0,1,2,3,2,3,3,0,1,4,0,0,1,1,1,1,1,1,1,4,5,5,1,3,2,4,15,14,14,18
272,0,0,1,1,1,1,1,2,2,1,1,2,2,0,0,1,1,0,0,1,0,0,4,4,3,1,1,3,2,11,11,11,18
273,0,1,0,0,1,1,2,0,0,1,1,1,2,0,0,1,1,1,0,1,0,1,3,5,2,2,2,1,2,15,14,14,17
274,0,0,1,0,1,2,4,0,1,3,1,2,2,0,0,1,1,0,1,1,1,1,4,3,3,1,1,1,2,10,10,10,17
275,0,0,1,1,1,2,2,3,2,0,1,2,2,0,1,1,1,0,1,1,1,1,4,4,4,2,3,5,6,12,12,12,17
276,0,0,0,0,0,3,2,2,3,1,1,2,2,0,0,0,0,0,0,0,1,1,4,1,1,1,1,5,75,10,9,9,18
277,0,1,1,0,1,4,4,4,3,1,1,2,1,0,0,0,1,1,1,1,1,0,3,2,4,1,4,3,22,9,9,9,18
278,0,0,1,0,1,4,4,1,1,3,0,1,2,1,1,1,0,1,1,1,1,1,2,4,4,1,1,4,15,9,8,8,18
279,0,1,1,1,1,4,3,4,3,0,1,2,1,0,0,0,1,1,1,1,1,0,4,2,3,1,2,1,8,10,11,10,18
280,0,1,1,1,0,4,1,3,2,1,1,2,1,0,0,0,1,1,1,1,1,1,4,5,4,2,4,5,30,8,8,8,17
281,0,1,1,1,0,3,2,4,3,1,1,1,1,1,0,0,0,0,1,1,1,0,4,4,4,3,4,3,19,11,9,10,17
282,0,0,0,1,1,1,1,0,2,3,1,2,4,0,0,1,1,1,1,1,0,0,5,2,2,1,1,3,1,12,12,12,18
283,0,0,1,0,1,1,1,2,2,1,1,2,2,0,1,0,0,1,1,1,1,0,5,4,4,1,1,4,4,8,9,10,18
284,0,0,1,0,1,2,2,2,2,0,1,1,2,0,0,1,0,0,0,1,1,0,5,4,5,1,2,5,4,10,9,11,17
285,0,1,1,0,1,1,1,2,2,3,0,1,2,0,0,0,1,0,0,1,1,0,4,3,3,1,2,4,2,12,10,11,17
286,0,0,1,0,1,2,2,0,0,2,1,1,3,0,0,1,1,0,1,1,1,0,4,3,3,1,2,2,5,18,18,19,18
287,0,0,1,0,1,1,1,3,4,3,1,1,3,0,0,1,1,0,1,1,1,0,4,3,3,1,1,3,6,13,12,12,17
288,0,1,1,0,1,2,1,3,3,3,1,1,3,0,0,0,1,1,1,1,1,0,4,2,4,1,3,2,6,15,14,14,18
289,0,1,1,1,0,4,4,4,4,3,1,1,2,0,0,1,1,1,1,1,1,0,5,4,3,1,1,2,9,15,13,15,18
290,0,1,1,0,1,4,2,4,2,1,1,1,2,0,0,1,1,1,1,1,1,1,4,3,2,1,4,5,11,12,11,11,18
291,0,0,1,0,1,4,3,1,3,3,1,1,3,0,0,1,1,0,1,1,1,0,4,2,2,1,2,3,0,15,15,15,17
292,0,0,1,1,1,2,1,3,0,3,1,1,2,1,0,0,0,0,1,1,1,1,5,4,3,1,1,5,12,12,12,13,18
293,0,0,0,1,1,3,1,3,2,3,1,2,4,0,0,1,1,0,1,1,0,0,3,1,2,1,1,3,6,18,18,18,17
294,0,1,0,1,1,3,2,3,2,3,1,2,3,0,0,1,1,1,1,1,1,0,5,4,2,1,1,4,8,14,13,14,18
295,0,1,1,0,1,3,3,1,2,1,1,1,1,0,0,1,1,0,1,1,1,0,4,4,3,1,3,5,4,14,12,11,17
296,0,0,1,0,1,4,4,1,2,3,2,2,2,0,0,1,1,1,1,1,1,0,2,3,4,2,3,2,0,10,9,0,19
297,0,0,1,1,1,4,3,2,2,1,2,2,2,0,0,1,1,0,1,1,1,1,4,4,5,1,2,2,10,10,8,8,18
298,0,0,1,0,1,4,3,2,2,3,0,1,4,0,0,1,1,0,1,1,1,0,4,3,3,1,1,3,0,14,13,14,18
299,0,1,1,1,1,4,4,4,4,1,1,1,1,0,0,1,1,0,1,1,1,1,1,4,2,2,2,1,5,16,15,16,18
300,0,0,1,1,0,4,4,1,2,1,1,1,2,0,0,1,0,0,1,1,1,1,4,2,4,1,1,4,14,12,10,11,18
301,0,1,1,1,1,4,4,2,4,1,0,2,1,0,0,0,1,0,1,1,1,0,4,1,1,2,2,5,0,11,11,10,17
302,0,0,1,0,1,4,2,2,2,3,1,2,3,0,0,1,1,0,1,1,1,0,4,3,3,1,1,3,0,15,12,14,17
303,0,0,1,0,1,3,2,1,1,3,0,1,4,0,0,1,1,1,0,1,1,0,5,2,2,1,2,5,0,17,17,18,17
304,0,1,1,0,1,3,3,2,2,1,2,1,2,1,0,1,0,1,1,1,1,1,4,4,4,1,1,3,20,15,14,13,19
305,0,0,1,0,1,2,4,3,0,3,2,1,2,1,0,1,1,1,1,1,1,0,4,4,3,1,1,3,8,14,12,12,18
306,0,1,1,0,0,3,2,3,2,0,2,1,1,0,0,0,0,1,1,1,0,0,5,5,3,1,1,5,0,17,18,18,20
307,0,1,1,0,1,4,4,4,3,3,2,2,1,1,0,1,1,0,1,1,1,1,4,3,4,1,1,4,38,8,9,8,19
308,0,1,0,0,1,3,3,2,3,3,0,1,2,1,0,0,0,1,1,1,0,1,4,5,3,1,2,5,0,15,12,12,19
309,0,0,1,1,1,1,1,0,2,3,2,1,2,1,1,1,0,1,0,1,1,0,4,4,3,1,3,3,18,12,10,10,19
310,0,0,1,1,1,1,2,3,3,1,2,1,2,1,0,0,0,1,0,1,0,1,4,2,4,2,2,3,0,9,9,0,19
311,0,0,1,0,1,2,1,0,2,2,2,3,2,0,0,1,0,0,1,0,1,1,3,4,1,1,1,2,20,14,12,13,19
312,0,1,1,0,1,1,2,2,3,0,2,1,2,1,0,0,0,0,0,1,1,0,4,5,2,2,2,4,3,13,11,11,19
313,0,0,1,1,1,3,2,3,2,3,2,2,2,1,0,1,1,0,0,1,1,1,4,2,2,1,2,1,22,13,10,11,19
314,0,0,1,0,1,1,1,0,1,1,2,1,3,2,0,0,0,0,0,1,1,1,4,1,2,1,1,3,14,15,13,13,19
315,0,0,0,0,1,2,3,2,2,3,2,1,3,1,0,0,0,0,1,1,1,1,4,1,2,1,1,3,40,13,11,11,19
316,0,0,1,0,1,2,1,3,2,0,1,2,2,0,0,1,1,1,1,1,1,0,5,3,3,1,2,1,0,8,8,0,18
317,0,0,1,0,1,4,3,2,2,0,1,1,3,0,0,1,1,1,1,1,1,1,4,3,4,1,1,5,9,9,10,9,18
318,0,0,0,0,1,3,4,0,3,0,0,1,3,0,0,1,1,1,0,1,1,0,4,3,4,2,5,5,0,11,11,10,17
319,0,0,1,0,1,4,4,4,2,0,1,1,2,0,0,1,1,0,1,1,1,0,4,4,4,3,3,5,2,11,11,11,18
320,0,0,1,0,0,4,3,3,3,0,1,1,2,0,0,1,1,0,1,1,1,1,5,2,2,1,2,5,23,13,13,13,17
321,0,0,1,0,1,2,2,2,2,0,1,1,2,0,0,1,0,0,1,1,0,1,4,2,2,1,1,3,12,11,9,9,17
322,0,0,0,1,1,2,2,3,3,0,1,1,3,0,0,1,1,1,1,1,1,0,3,3,2,2,2,3,3,11,11,11,17
323,0,0,1,0,1,3,1,3,3,0,0,1,3,0,0,1,0,0,0,1,1,0,3,4,3,2,3,5,1,12,14,15,17
324,0,0,1,1,1,0,2,0,0,1,0,2,3,0,0,0,0,0,1,1,1,0,3,3,3,2,3,2,0,16,15,15,17
325,0,1,1,0,1,4,4,2,2,0,1,1,3,0,0,0,0,1,1,1,1,0,4,3,3,2,2,3,3,9,12,11,18
326,0,1,1,0,1,3,3,2,3,3,1,1,1,0,0,0,0,1,0,1,1,0,4,3,5,3,5,5,3,14,15,16,17
327,0,1,0,0,1,2,2,3,2,0,1,4,1,0,0,1,0,0,1,1,1,0,4,4,5,5,5,4,8,11,10,10,17
328,0,0,1,0,1,4,4,4,3,0,1,1,3,0,0,1,1,1,1,1,1,0,5,4,4,1,3,4,7,10,9,9,17
329,0,0,1,0,1,4,4,4,4,0,1,2,3,0,0,1,1,0,0,1,1,1,4,3,3,1,2,4,4,14,14,14,17
330,0,1,1,1,1,2,2,2,2,0,1,1,4,0,0,1,0,1,1,1,1,0,4,5,5,2,4,5,2,9,8,8,18
331,0,0,0,0,1,2,4,0,2,0,0,1,3,0,0,1,0,0,1,1,1,1,4,4,3,1,1,5,7,12,14,14,17
332,0,0,1,0,1,3,3,3,3,1,1,1,2,0,0,0,0,1,1,1,1,0,5,3,4,1,1,4,0,7,0,0,18
333,0,0,1,1,1,2,2,2,2,1,2,1,2,0,0,0,0,1,0,1,1,1,4,3,3,1,1,2,0,8,8,0,18
334,0,0,0,0,1,2,2,0,2,0,1,2,4,0,0,0,0,1,1,1,0,0,4,4,4,1,1,4,0,10,9,0,18
335,0,0,1,0,1,3,4,3,2,0,1,1,3,0,0,0,0,0,1,1,1,0,4,4,5,1,3,5,16,16,15,15,17
336,0,0,0,0,0,3,1,3,0,1,2,1,3,1,0,0,1,0,1,1,0,0,5,4,3,1,2,5,12,14,13,13,19
337,0,0,1,0,1,3,2,2,2,1,1,1,2,0,0,1,1,0,1,1,1,1,4,3,2,2,3,2,0,7,8,0,17
338,0,0,1,1,1,3,3,3,3,1,1,1,4,0,0,1,0,0,1,1,1,0,5,3,3,1,1,1,7,16,15,17,18
339,0,0,0,0,0,3,2,2,2,1,1,1,2,0,0,1,1,0,1,1,1,0,4,3,3,2,3,2,4,9,10,10,17
340,0,0,1,0,1,2,1,3,3,1,2,1,3,1,0,0,1,1,1,1,1,1,4,3,4,1,3,3,4,11,12,11,19
341,0,1,1,0,1,4,4,4,3,1,0,1,2,1,0,1,0,1,1,1,1,0,4,3,3,2,2,2,0,10,10,0,18
342,0,1,1,1,1,3,4,3,2,1,1,1,2,0,0,0,0,1,1,1,1,1,4,3,3,1,3,5,11,16,15,15,18
343,0,0,1,0,0,2,2,0,0,1,0,1,2,1,0,1,0,0,1,1,1,1,3,3,1,1,2,4,0,9,8,0,17
344,0,0,1,0,1,2,3,0,2,0,1,1,3,0,0,1,0,0,1,1,1,0,4,3,3,1,2,3,4,11,10,10,18
345,0,0,1,0,1,3,2,2,3,2,1,1,3,0,0,0,0,0,1,1,1,1,5,4,3,2,3,1,7,13,13,14,18
346,0,1,0,0,1,4,3,4,3,0,1,1,3,0,0,0,0,0,1,1,1,1,5,3,2,1,2,4,9,16,15,16,18
347,0,1,1,0,1,4,3,4,2,0,1,1,3,0,0,1,1,0,1,1,1,1,5,4,5,2,3,5,0,10,10,9,18
348,0,0,1,0,1,4,3,1,2,3,1,1,3,0,0,1,1,1,1,1,1,1,4,4,3,1,3,4,0,13,15,15,17
349,1,1,0,0,1,3,2,2,2,0,1,2,1,1,0,1,0,0,0,1,1,0,2,5,5,5,5,5,10,11,13,13,18
350,1,1,0,0,1,1,1,2,3,1,2,3,2,3,0,0,0,0,1,1,1,0,5,4,4,3,3,2,8,8,7,8,19
351,1,1,1,0,1,3,3,1,2,0,1,2,2,0,0,1,1,0,1,1,1,0,4,5,4,2,3,3,2,13,13,13,17
352,1,1,1,1,1,1,3,0,3,0,1,1,1,1,0,0,0,0,1,0,1,1,4,3,3,2,3,3,7,8,7,8,18
353,1,1,0,0,1,1,1,2,2,1,2,3,1,1,0,1,0,0,1,1,1,0,4,4,4,3,3,5,4,8,8,8,19
354,1,1,0,0,1,4,3,3,2,1,1,2,2,0,0,1,1,1,0,1,1,1,4,5,5,1,3,2,4,13,11,11,17
355,1,0,1,0,1,3,3,3,3,0,0,1,2,0,0,1,0,0,1,1,0,1,5,3,4,1,1,5,0,10,9,9,18
356,1,0,0,0,1,4,4,4,3,2,0,2,2,0,0,1,1,1,1,1,1,0,4,3,3,1,2,5,4,12,13,13,17
357,1,0,1,1,0,3,2,3,2,3,1,2,2,0,0,0,0,0,1,1,0,1,1,2,3,1,2,5,2,12,12,11,17
358,1,1,1,1,1,1,1,2,3,1,0,2,1,0,0,0,0,0,0,1,1,1,3,3,2,1,2,3,4,10,10,10,18
359,1,0,1,1,1,1,1,0,3,0,0,2,3,0,0,0,0,0,1,1,1,0,5,3,2,1,1,4,0,18,16,16,18
360,1,0,0,1,0,1,4,0,2,0,1,3,2,0,0,0,0,0,1,1,0,1,4,3,4,1,4,5,0,13,13,13,18
361,1,1,0,1,1,1,1,0,2,2,1,2,2,1,0,0,0,1,0,0,0,0,4,4,3,2,3,5,2,13,12,12,18
362,1,0,1,0,1,3,3,3,3,2,1,2,2,0,0,1,0,0,1,1,1,1,4,3,2,1,3,3,0,11,11,10,18
363,1,0,1,1,1,4,4,0,0,0,1,1,2,0,0,1,1,1,1,1,1,1,2,3,4,1,1,1,0,16,15,15,17
364,1,0,0,0,1,1,2,2,3,0,0,2,2,0,0,0,0,0,0,1,0,0,3,2,2,1,2,3,0,12,11,12,17
365,1,1,0,0,1,1,3,0,2,0,1,2,2,0,0,1,1,0,1,1,0,0,3,3,4,2,4,3,4,10,10,10,18
366,1,1,1,1,1,4,4,4,3,2,1,2,3,0,0,0,1,0,1,1,1,1,4,2,2,2,2,5,0,13,13,13,18
367,1,0,0,0,1,1,1,2,3,3,1,3,1,1,0,1,1,0,1,1,1,1,5,2,1,1,2,1,0,7,6,0,17
368,1,0,1,0,1,2,3,0,3,0,0,2,1,0,0,1,1,0,1,1,1,1,5,2,3,1,2,4,0,11,10,10,18
369,1,0,0,0,1,4,4,2,4,2,0,3,2,0,0,1,1,0,0,1,1,1,3,2,2,4,2,5,10,14,12,11,18
370,1,0,1,1,1,3,2,3,3,1,2,2,2,2,0,0,0,1,1,1,0,1,3,2,2,1,1,3,4,7,7,9,19
371,1,1,0,1,1,1,2,0,3,2,0,3,1,0,0,1,1,1,1,0,1,1,4,3,3,2,3,3,3,14,12,12,18
372,1,0,1,0,1,2,2,2,0,1,1,1,3,0,0,0,0,1,1,1,0,1,3,4,3,1,1,3,8,13,11,11,17
373,1,0,0,0,1,1,2,2,2,0,1,1,1,0,0,0,0,1,1,1,1,0,3,5,5,1,3,1,14,6,5,5,17
374,1,0,0,1,1,4,4,2,2,3,1,2,3,0,0,0,0,0,1,1,1,0,5,4,4,1,1,1,0,19,18,19,18
375,1,0,0,0,1,1,1,2,2,1,1,4,3,0,0,0,0,0,1,1,1,0,4,3,2,1,2,4,2,8,8,10,18
376,1,0,1,0,1,4,2,1,2,0,2,2,3,2,0,1,1,0,0,1,1,1,5,4,3,1,1,3,4,15,14,15,20
377,1,0,0,1,1,4,4,4,3,0,1,1,2,0,0,0,1,1,1,1,1,0,5,4,3,3,4,2,4,8,9,10,18
378,1,0,1,0,1,3,3,2,2,1,1,1,2,0,0,0,1,0,1,1,1,1,4,1,3,1,2,1,0,15,15,15,18
379,1,0,0,0,1,3,1,0,2,3,1,1,2,0,0,1,1,1,0,1,1,0,4,5,4,2,3,1,17,10,10,10,17
380,1,1,1,0,1,4,4,4,4,1,0,1,2,0,0,0,1,1,0,1,1,0,3,2,4,1,4,2,4,15,14,14,18
381,1,1,0,0,1,2,1,2,2,2,1,2,1,0,0,0,0,1,0,1,1,1,4,4,3,1,3,5,5,7,6,7,18
382,1,1,1,0,1,2,3,2,3,1,0,2,2,0,0,0,0,1,1,1,1,0,4,4,3,1,1,3,2,11,11,10,17
383,1,1,0,0,1,1,1,2,3,2,1,2,1,1,0,0,0,0,1,1,0,0,4,3,2,1,3,5,0,6,5,0,19
384,1,1,0,0,1,4,2,2,2,1,0,2,1,1,0,0,1,0,1,1,0,0,5,4,3,4,3,3,14,6,5,5,18
385,1,0,0,0,1,2,2,0,2,2,1,2,3,0,0,0,1,0,1,1,0,0,5,3,3,1,3,4,2,10,9,10,18
386,1,0,0,0,1,4,4,4,0,3,1,3,1,0,0,1,1,1,1,1,1,1,4,4,3,2,2,5,7,6,5,6,18
387,1,0,0,0,1,2,3,3,2,0,1,1,3,1,0,0,0,1,0,1,1,0,5,4,2,1,2,5,0,7,5,0,19
388,1,0,1,1,1,3,1,4,3,0,1,1,2,0,0,1,1,0,1,1,1,0,4,3,4,1,1,1,0,7,9,8,18
389,1,0,1,0,1,1,1,2,2,0,1,2,2,1,0,0,0,1,1,1,0,0,1,1,1,1,1,5,0,6,5,0,18
390,1,1,1,1,0,2,2,3,3,0,2,1,2,2,0,1,1,0,1,1,0,0,5,5,4,4,5,4,11,9,9,9,20
391,1,1,1,1,1,3,1,3,3,0,1,2,1,0,0,0,0,0,0,1,1,0,2,4,5,3,4,2,3,14,16,16,17
392,1,1,0,0,1,1,1,2,2,0,2,1,1,3,0,0,0,0,0,1,0,0,5,5,3,3,3,3,3,10,8,7,21
393,1,1,0,1,1,3,2,3,2,0,1,3,1,0,0,0,0,0,0,1,1,0,4,4,1,3,4,5,0,11,12,10,18
394,1,1,1,1,1,1,1,2,0,0,0,1,1,0,0,0,0,0,1,1,1,0,3,2,3,3,3,5,5,8,9,9,19
